UCSBDiningCommonsController.java,edu.ucsb.cs156.rec.controllers.UCSBDiningCommonsController,org.pitest.mutationtest.engine.gregor.mutators.returns.EmptyObjectReturnValsMutator,allCommonss,47,KILLED,edu.ucsb.cs156.rec.controllers.UCSBDiningCommonsControllerTests.[engine:junit-jupiter]/[class:edu.ucsb.cs156.rec.controllers.UCSBDiningCommonsControllerTests]/[method:logged_in_user_can_get_all_ucsbdiningcommons()]
UCSBDiningCommonsController.java,edu.ucsb.cs156.rec.controllers.UCSBDiningCommonsController,org.pitest.mutationtest.engine.gregor.mutators.VoidMethodCallMutator,deleteCommons,118,KILLED,edu.ucsb.cs156.rec.controllers.UCSBDiningCommonsControllerTests.[engine:junit-jupiter]/[class:edu.ucsb.cs156.rec.controllers.UCSBDiningCommonsControllerTests]/[method:admin_can_delete_a_date()]
UCSBDiningCommonsController.java,edu.ucsb.cs156.rec.controllers.UCSBDiningCommonsController,org.pitest.mutationtest.engine.gregor.mutators.returns.NullReturnValsMutator,deleteCommons,119,KILLED,edu.ucsb.cs156.rec.controllers.UCSBDiningCommonsControllerTests.[engine:junit-jupiter]/[class:edu.ucsb.cs156.rec.controllers.UCSBDiningCommonsControllerTests]/[method:admin_can_delete_a_date()]
UCSBDiningCommonsController.java,edu.ucsb.cs156.rec.controllers.UCSBDiningCommonsController,org.pitest.mutationtest.engine.gregor.mutators.returns.NullReturnValsMutator,getById,63,KILLED,edu.ucsb.cs156.rec.controllers.UCSBDiningCommonsControllerTests.[engine:junit-jupiter]/[class:edu.ucsb.cs156.rec.controllers.UCSBDiningCommonsControllerTests]/[method:test_that_logged_in_user_can_get_by_id_when_the_id_exists()]
UCSBDiningCommonsController.java,edu.ucsb.cs156.rec.controllers.UCSBDiningCommonsController,org.pitest.mutationtest.engine.gregor.mutators.returns.NullReturnValsMutator,lambda$deleteCommons$1,116,KILLED,edu.ucsb.cs156.rec.controllers.UCSBDiningCommonsControllerTests.[engine:junit-jupiter]/[class:edu.ucsb.cs156.rec.controllers.UCSBDiningCommonsControllerTests]/[method:admin_tries_to_delete_non_existant_commons_and_gets_right_error_message()]
UCSBDiningCommonsController.java,edu.ucsb.cs156.rec.controllers.UCSBDiningCommonsController,org.pitest.mutationtest.engine.gregor.mutators.returns.NullReturnValsMutator,lambda$getById$0,61,KILLED,edu.ucsb.cs156.rec.controllers.UCSBDiningCommonsControllerTests.[engine:junit-jupiter]/[class:edu.ucsb.cs156.rec.controllers.UCSBDiningCommonsControllerTests]/[method:test_that_logged_in_user_can_get_by_id_when_the_id_does_not_exist()]
UCSBDiningCommonsController.java,edu.ucsb.cs156.rec.controllers.UCSBDiningCommonsController,org.pitest.mutationtest.engine.gregor.mutators.returns.NullReturnValsMutator,lambda$updateCommons$2,136,KILLED,edu.ucsb.cs156.rec.controllers.UCSBDiningCommonsControllerTests.[engine:junit-jupiter]/[class:edu.ucsb.cs156.rec.controllers.UCSBDiningCommonsControllerTests]/[method:admin_cannot_edit_commons_that_does_not_exist()]
UCSBDiningCommonsController.java,edu.ucsb.cs156.rec.controllers.UCSBDiningCommonsController,org.pitest.mutationtest.engine.gregor.mutators.VoidMethodCallMutator,postCommons,92,KILLED,edu.ucsb.cs156.rec.controllers.UCSBDiningCommonsControllerTests.[engine:junit-jupiter]/[class:edu.ucsb.cs156.rec.controllers.UCSBDiningCommonsControllerTests]/[method:an_admin_user_can_post_a_new_commons()]
UCSBDiningCommonsController.java,edu.ucsb.cs156.rec.controllers.UCSBDiningCommonsController,org.pitest.mutationtest.engine.gregor.mutators.VoidMethodCallMutator,postCommons,93,KILLED,edu.ucsb.cs156.rec.controllers.UCSBDiningCommonsControllerTests.[engine:junit-jupiter]/[class:edu.ucsb.cs156.rec.controllers.UCSBDiningCommonsControllerTests]/[method:an_admin_user_can_post_a_new_commons()]
UCSBDiningCommonsController.java,edu.ucsb.cs156.rec.controllers.UCSBDiningCommonsController,org.pitest.mutationtest.engine.gregor.mutators.VoidMethodCallMutator,postCommons,94,KILLED,edu.ucsb.cs156.rec.controllers.UCSBDiningCommonsControllerTests.[engine:junit-jupiter]/[class:edu.ucsb.cs156.rec.controllers.UCSBDiningCommonsControllerTests]/[method:an_admin_user_can_post_a_new_commons()]
UCSBDiningCommonsController.java,edu.ucsb.cs156.rec.controllers.UCSBDiningCommonsController,org.pitest.mutationtest.engine.gregor.mutators.VoidMethodCallMutator,postCommons,95,KILLED,edu.ucsb.cs156.rec.controllers.UCSBDiningCommonsControllerTests.[engine:junit-jupiter]/[class:edu.ucsb.cs156.rec.controllers.UCSBDiningCommonsControllerTests]/[method:an_admin_user_can_post_a_new_commons()]
UCSBDiningCommonsController.java,edu.ucsb.cs156.rec.controllers.UCSBDiningCommonsController,org.pitest.mutationtest.engine.gregor.mutators.VoidMethodCallMutator,postCommons,96,KILLED,edu.ucsb.cs156.rec.controllers.UCSBDiningCommonsControllerTests.[engine:junit-jupiter]/[class:edu.ucsb.cs156.rec.controllers.UCSBDiningCommonsControllerTests]/[method:an_admin_user_can_post_a_new_commons()]
UCSBDiningCommonsController.java,edu.ucsb.cs156.rec.controllers.UCSBDiningCommonsController,org.pitest.mutationtest.engine.gregor.mutators.VoidMethodCallMutator,postCommons,97,KILLED,edu.ucsb.cs156.rec.controllers.UCSBDiningCommonsControllerTests.[engine:junit-jupiter]/[class:edu.ucsb.cs156.rec.controllers.UCSBDiningCommonsControllerTests]/[method:an_admin_user_can_post_a_new_commons()]
UCSBDiningCommonsController.java,edu.ucsb.cs156.rec.controllers.UCSBDiningCommonsController,org.pitest.mutationtest.engine.gregor.mutators.VoidMethodCallMutator,postCommons,98,KILLED,edu.ucsb.cs156.rec.controllers.UCSBDiningCommonsControllerTests.[engine:junit-jupiter]/[class:edu.ucsb.cs156.rec.controllers.UCSBDiningCommonsControllerTests]/[method:an_admin_user_can_post_a_new_commons()]
UCSBDiningCommonsController.java,edu.ucsb.cs156.rec.controllers.UCSBDiningCommonsController,org.pitest.mutationtest.engine.gregor.mutators.returns.NullReturnValsMutator,postCommons,102,KILLED,edu.ucsb.cs156.rec.controllers.UCSBDiningCommonsControllerTests.[engine:junit-jupiter]/[class:edu.ucsb.cs156.rec.controllers.UCSBDiningCommonsControllerTests]/[method:an_admin_user_can_post_a_new_commons()]
UCSBDiningCommonsController.java,edu.ucsb.cs156.rec.controllers.UCSBDiningCommonsController,org.pitest.mutationtest.engine.gregor.mutators.VoidMethodCallMutator,updateCommons,139,KILLED,edu.ucsb.cs156.rec.controllers.UCSBDiningCommonsControllerTests.[engine:junit-jupiter]/[class:edu.ucsb.cs156.rec.controllers.UCSBDiningCommonsControllerTests]/[method:admin_can_edit_an_existing_commons()]
UCSBDiningCommonsController.java,edu.ucsb.cs156.rec.controllers.UCSBDiningCommonsController,org.pitest.mutationtest.engine.gregor.mutators.VoidMethodCallMutator,updateCommons,140,KILLED,edu.ucsb.cs156.rec.controllers.UCSBDiningCommonsControllerTests.[engine:junit-jupiter]/[class:edu.ucsb.cs156.rec.controllers.UCSBDiningCommonsControllerTests]/[method:admin_can_edit_an_existing_commons()]
UCSBDiningCommonsController.java,edu.ucsb.cs156.rec.controllers.UCSBDiningCommonsController,org.pitest.mutationtest.engine.gregor.mutators.VoidMethodCallMutator,updateCommons,141,KILLED,edu.ucsb.cs156.rec.controllers.UCSBDiningCommonsControllerTests.[engine:junit-jupiter]/[class:edu.ucsb.cs156.rec.controllers.UCSBDiningCommonsControllerTests]/[method:admin_can_edit_an_existing_commons()]
UCSBDiningCommonsController.java,edu.ucsb.cs156.rec.controllers.UCSBDiningCommonsController,org.pitest.mutationtest.engine.gregor.mutators.VoidMethodCallMutator,updateCommons,142,KILLED,edu.ucsb.cs156.rec.controllers.UCSBDiningCommonsControllerTests.[engine:junit-jupiter]/[class:edu.ucsb.cs156.rec.controllers.UCSBDiningCommonsControllerTests]/[method:admin_can_edit_an_existing_commons()]
UCSBDiningCommonsController.java,edu.ucsb.cs156.rec.controllers.UCSBDiningCommonsController,org.pitest.mutationtest.engine.gregor.mutators.VoidMethodCallMutator,updateCommons,143,KILLED,edu.ucsb.cs156.rec.controllers.UCSBDiningCommonsControllerTests.[engine:junit-jupiter]/[class:edu.ucsb.cs156.rec.controllers.UCSBDiningCommonsControllerTests]/[method:admin_can_edit_an_existing_commons()]
UCSBDiningCommonsController.java,edu.ucsb.cs156.rec.controllers.UCSBDiningCommonsController,org.pitest.mutationtest.engine.gregor.mutators.VoidMethodCallMutator,updateCommons,144,KILLED,edu.ucsb.cs156.rec.controllers.UCSBDiningCommonsControllerTests.[engine:junit-jupiter]/[class:edu.ucsb.cs156.rec.controllers.UCSBDiningCommonsControllerTests]/[method:admin_can_edit_an_existing_commons()]
UCSBDiningCommonsController.java,edu.ucsb.cs156.rec.controllers.UCSBDiningCommonsController,org.pitest.mutationtest.engine.gregor.mutators.returns.NullReturnValsMutator,updateCommons,148,KILLED,edu.ucsb.cs156.rec.controllers.UCSBDiningCommonsControllerTests.[engine:junit-jupiter]/[class:edu.ucsb.cs156.rec.controllers.UCSBDiningCommonsControllerTests]/[method:admin_can_edit_an_existing_commons()]
UsersController.java,edu.ucsb.cs156.rec.controllers.UsersController,org.pitest.mutationtest.engine.gregor.mutators.VoidMethodCallMutator,deleteUser_Admin,74,KILLED,edu.ucsb.cs156.rec.controllers.UsersControllerTests.[engine:junit-jupiter]/[class:edu.ucsb.cs156.rec.controllers.UsersControllerTests]/[method:admin_can_delete_a_user()]
UsersController.java,edu.ucsb.cs156.rec.controllers.UsersController,org.pitest.mutationtest.engine.gregor.mutators.returns.NullReturnValsMutator,deleteUser_Admin,76,KILLED,edu.ucsb.cs156.rec.controllers.UsersControllerTests.[engine:junit-jupiter]/[class:edu.ucsb.cs156.rec.controllers.UsersControllerTests]/[method:admin_can_delete_a_user()]
UsersController.java,edu.ucsb.cs156.rec.controllers.UsersController,org.pitest.mutationtest.engine.gregor.mutators.returns.NullReturnValsMutator,lambda$deleteUser_Admin$1,72,KILLED,edu.ucsb.cs156.rec.controllers.UsersControllerTests.[engine:junit-jupiter]/[class:edu.ucsb.cs156.rec.controllers.UsersControllerTests]/[method:admin_tries_to_delete_non_existant_user_and_gets_right_error_message()]
UsersController.java,edu.ucsb.cs156.rec.controllers.UsersController,org.pitest.mutationtest.engine.gregor.mutators.returns.NullReturnValsMutator,lambda$toggleAdmin$2,85,KILLED,edu.ucsb.cs156.rec.controllers.UsersControllerTests.[engine:junit-jupiter]/[class:edu.ucsb.cs156.rec.controllers.UsersControllerTests]/[method:admin_tries_to_toggleAdmin_non_existant_user_and_gets_right_error_message()]
UsersController.java,edu.ucsb.cs156.rec.controllers.UsersController,org.pitest.mutationtest.engine.gregor.mutators.returns.NullReturnValsMutator,lambda$toggleProfessor$3,99,KILLED,edu.ucsb.cs156.rec.controllers.UsersControllerTests.[engine:junit-jupiter]/[class:edu.ucsb.cs156.rec.controllers.UsersControllerTests]/[method:admin_tries_to_toggle_professor_for_non_existant_user_and_gets_right_error_message()]
UsersController.java,edu.ucsb.cs156.rec.controllers.UsersController,org.pitest.mutationtest.engine.gregor.mutators.returns.NullReturnValsMutator,lambda$toggleStudent$4,111,KILLED,edu.ucsb.cs156.rec.controllers.UsersControllerTests.[engine:junit-jupiter]/[class:edu.ucsb.cs156.rec.controllers.UsersControllerTests]/[method:admin_tries_to_toggle_student_for_non_existant_user_and_gets_right_error_message()]
UsersController.java,edu.ucsb.cs156.rec.controllers.UsersController,org.pitest.mutationtest.engine.gregor.mutators.returns.NullReturnValsMutator,lambda$users$0,62,KILLED,edu.ucsb.cs156.rec.controllers.UsersControllerTests.[engine:junit-jupiter]/[class:edu.ucsb.cs156.rec.controllers.UsersControllerTests]/[method:api_users__admin_logged_in__search_for_user_that_does_not_exist()]
UsersController.java,edu.ucsb.cs156.rec.controllers.UsersController,org.pitest.mutationtest.engine.gregor.mutators.NegateConditionalsMutator,toggleAdmin,87,KILLED,edu.ucsb.cs156.rec.controllers.UsersControllerTests.[engine:junit-jupiter]/[class:edu.ucsb.cs156.rec.controllers.UsersControllerTests]/[method:admin_can_toggle_admin_status_of_a_user_from_false_to_true()]
UsersController.java,edu.ucsb.cs156.rec.controllers.UsersController,org.pitest.mutationtest.engine.gregor.mutators.VoidMethodCallMutator,toggleAdmin,87,KILLED,edu.ucsb.cs156.rec.controllers.UsersControllerTests.[engine:junit-jupiter]/[class:edu.ucsb.cs156.rec.controllers.UsersControllerTests]/[method:admin_can_toggle_admin_status_of_a_user_from_false_to_true()]
UsersController.java,edu.ucsb.cs156.rec.controllers.UsersController,org.pitest.mutationtest.engine.gregor.mutators.returns.NullReturnValsMutator,toggleAdmin,89,KILLED,edu.ucsb.cs156.rec.controllers.UsersControllerTests.[engine:junit-jupiter]/[class:edu.ucsb.cs156.rec.controllers.UsersControllerTests]/[method:admin_can_toggle_admin_status_of_a_user_from_false_to_true()]
UsersController.java,edu.ucsb.cs156.rec.controllers.UsersController,org.pitest.mutationtest.engine.gregor.mutators.NegateConditionalsMutator,toggleProfessor,101,KILLED,edu.ucsb.cs156.rec.controllers.UsersControllerTests.[engine:junit-jupiter]/[class:edu.ucsb.cs156.rec.controllers.UsersControllerTests]/[method:admin_can_toggle_professor_status_of_a_user_from_false_to_true()]
UsersController.java,edu.ucsb.cs156.rec.controllers.UsersController,org.pitest.mutationtest.engine.gregor.mutators.VoidMethodCallMutator,toggleProfessor,101,KILLED,edu.ucsb.cs156.rec.controllers.UsersControllerTests.[engine:junit-jupiter]/[class:edu.ucsb.cs156.rec.controllers.UsersControllerTests]/[method:admin_can_toggle_professor_status_of_a_user_from_false_to_true()]
UsersController.java,edu.ucsb.cs156.rec.controllers.UsersController,org.pitest.mutationtest.engine.gregor.mutators.returns.NullReturnValsMutator,toggleProfessor,103,KILLED,edu.ucsb.cs156.rec.controllers.UsersControllerTests.[engine:junit-jupiter]/[class:edu.ucsb.cs156.rec.controllers.UsersControllerTests]/[method:admin_can_toggle_professor_status_of_a_user_from_false_to_true()]
UsersController.java,edu.ucsb.cs156.rec.controllers.UsersController,org.pitest.mutationtest.engine.gregor.mutators.NegateConditionalsMutator,toggleStudent,113,KILLED,edu.ucsb.cs156.rec.controllers.UsersControllerTests.[engine:junit-jupiter]/[class:edu.ucsb.cs156.rec.controllers.UsersControllerTests]/[method:admin_can_toggle_student_status_of_a_user_from_false_to_true()]
UsersController.java,edu.ucsb.cs156.rec.controllers.UsersController,org.pitest.mutationtest.engine.gregor.mutators.VoidMethodCallMutator,toggleStudent,113,KILLED,edu.ucsb.cs156.rec.controllers.UsersControllerTests.[engine:junit-jupiter]/[class:edu.ucsb.cs156.rec.controllers.UsersControllerTests]/[method:admin_can_toggle_student_status_of_a_user_from_false_to_true()]
UsersController.java,edu.ucsb.cs156.rec.controllers.UsersController,org.pitest.mutationtest.engine.gregor.mutators.returns.NullReturnValsMutator,toggleStudent,115,KILLED,edu.ucsb.cs156.rec.controllers.UsersControllerTests.[engine:junit-jupiter]/[class:edu.ucsb.cs156.rec.controllers.UsersControllerTests]/[method:admin_can_toggle_student_status_of_a_user_from_false_to_true()]
UsersController.java,edu.ucsb.cs156.rec.controllers.UsersController,org.pitest.mutationtest.engine.gregor.mutators.returns.NullReturnValsMutator,users,52,KILLED,edu.ucsb.cs156.rec.controllers.UsersControllerTests.[engine:junit-jupiter]/[class:edu.ucsb.cs156.rec.controllers.UsersControllerTests]/[method:users__admin_logged_in()]
UsersController.java,edu.ucsb.cs156.rec.controllers.UsersController,org.pitest.mutationtest.engine.gregor.mutators.returns.NullReturnValsMutator,users,63,KILLED,edu.ucsb.cs156.rec.controllers.UsersControllerTests.[engine:junit-jupiter]/[class:edu.ucsb.cs156.rec.controllers.UsersControllerTests]/[method:api_users__admin_logged_in__returns_a_user_that_exists()]
RequestTypeController.java,edu.ucsb.cs156.rec.controllers.RequestTypeController,org.pitest.mutationtest.engine.gregor.mutators.returns.EmptyObjectReturnValsMutator,allRequestTypes,41,KILLED,edu.ucsb.cs156.rec.controllers.RequestTypeControllerTests.[engine:junit-jupiter]/[class:edu.ucsb.cs156.rec.controllers.RequestTypeControllerTests]/[method:logged_in_user_can_get_all_request_types()]
RequestTypeController.java,edu.ucsb.cs156.rec.controllers.RequestTypeController,org.pitest.mutationtest.engine.gregor.mutators.VoidMethodCallMutator,deleteRequestType,97,KILLED,edu.ucsb.cs156.rec.controllers.RequestTypeControllerTests.[engine:junit-jupiter]/[class:edu.ucsb.cs156.rec.controllers.RequestTypeControllerTests]/[method:admin_can_delete_a_request_type()]
RequestTypeController.java,edu.ucsb.cs156.rec.controllers.RequestTypeController,org.pitest.mutationtest.engine.gregor.mutators.returns.NullReturnValsMutator,deleteRequestType,98,KILLED,edu.ucsb.cs156.rec.controllers.RequestTypeControllerTests.[engine:junit-jupiter]/[class:edu.ucsb.cs156.rec.controllers.RequestTypeControllerTests]/[method:admin_can_delete_a_request_type()]
RequestTypeController.java,edu.ucsb.cs156.rec.controllers.RequestTypeController,org.pitest.mutationtest.engine.gregor.mutators.returns.NullReturnValsMutator,getById,54,KILLED,edu.ucsb.cs156.rec.controllers.RequestTypeControllerTests.[engine:junit-jupiter]/[class:edu.ucsb.cs156.rec.controllers.RequestTypeControllerTests]/[method:logged_in_user_can_get_by_id_when_the_id_exists()]
RequestTypeController.java,edu.ucsb.cs156.rec.controllers.RequestTypeController,org.pitest.mutationtest.engine.gregor.mutators.returns.NullReturnValsMutator,lambda$deleteRequestType$1,95,KILLED,edu.ucsb.cs156.rec.controllers.RequestTypeControllerTests.[engine:junit-jupiter]/[class:edu.ucsb.cs156.rec.controllers.RequestTypeControllerTests]/[method:admin_cannot_delete_non_existent_request_type()]
RequestTypeController.java,edu.ucsb.cs156.rec.controllers.RequestTypeController,org.pitest.mutationtest.engine.gregor.mutators.returns.NullReturnValsMutator,lambda$getById$0,55,KILLED,edu.ucsb.cs156.rec.controllers.RequestTypeControllerTests.[engine:junit-jupiter]/[class:edu.ucsb.cs156.rec.controllers.RequestTypeControllerTests]/[method:logged_in_user_cannot_get_by_id_when_the_id_does_not_exist()]
RequestTypeController.java,edu.ucsb.cs156.rec.controllers.RequestTypeController,org.pitest.mutationtest.engine.gregor.mutators.returns.NullReturnValsMutator,lambda$updateRequestType$2,115,KILLED,edu.ucsb.cs156.rec.controllers.RequestTypeControllerTests.[engine:junit-jupiter]/[class:edu.ucsb.cs156.rec.controllers.RequestTypeControllerTests]/[method:admin_cannot_update_nonexistent_request_type()]
RequestTypeController.java,edu.ucsb.cs156.rec.controllers.RequestTypeController,org.pitest.mutationtest.engine.gregor.mutators.NegateConditionalsMutator,postRequestType,68,KILLED,edu.ucsb.cs156.rec.controllers.RequestTypeControllerTests.[engine:junit-jupiter]/[class:edu.ucsb.cs156.rec.controllers.RequestTypeControllerTests]/[method:admin_user_can_post_a_new_request_type()]
RequestTypeController.java,edu.ucsb.cs156.rec.controllers.RequestTypeController,org.pitest.mutationtest.engine.gregor.mutators.returns.NullReturnValsMutator,postRequestType,69,KILLED,edu.ucsb.cs156.rec.controllers.RequestTypeControllerTests.[engine:junit-jupiter]/[class:edu.ucsb.cs156.rec.controllers.RequestTypeControllerTests]/[method:admin_cannot_post_duplicate_request_type()]
RequestTypeController.java,edu.ucsb.cs156.rec.controllers.RequestTypeController,org.pitest.mutationtest.engine.gregor.mutators.returns.NullReturnValsMutator,postRequestType,80,KILLED,edu.ucsb.cs156.rec.controllers.RequestTypeControllerTests.[engine:junit-jupiter]/[class:edu.ucsb.cs156.rec.controllers.RequestTypeControllerTests]/[method:admin_user_can_post_a_new_request_type()]
RequestTypeController.java,edu.ucsb.cs156.rec.controllers.RequestTypeController,org.pitest.mutationtest.engine.gregor.mutators.NegateConditionalsMutator,updateRequestType,117,KILLED,edu.ucsb.cs156.rec.controllers.RequestTypeControllerTests.[engine:junit-jupiter]/[class:edu.ucsb.cs156.rec.controllers.RequestTypeControllerTests]/[method:admin_cannot_update_request_type_to_duplicate_description()]
RequestTypeController.java,edu.ucsb.cs156.rec.controllers.RequestTypeController,org.pitest.mutationtest.engine.gregor.mutators.NegateConditionalsMutator,updateRequestType,118,KILLED,edu.ucsb.cs156.rec.controllers.RequestTypeControllerTests.[engine:junit-jupiter]/[class:edu.ucsb.cs156.rec.controllers.RequestTypeControllerTests]/[method:admin_cannot_update_request_type_to_duplicate_description()]
RequestTypeController.java,edu.ucsb.cs156.rec.controllers.RequestTypeController,org.pitest.mutationtest.engine.gregor.mutators.VoidMethodCallMutator,updateRequestType,125,KILLED,edu.ucsb.cs156.rec.controllers.RequestTypeControllerTests.[engine:junit-jupiter]/[class:edu.ucsb.cs156.rec.controllers.RequestTypeControllerTests]/[method:admin_can_update_existing_request_type()]
RequestTypeController.java,edu.ucsb.cs156.rec.controllers.RequestTypeController,org.pitest.mutationtest.engine.gregor.mutators.returns.NullReturnValsMutator,updateRequestType,119,KILLED,edu.ucsb.cs156.rec.controllers.RequestTypeControllerTests.[engine:junit-jupiter]/[class:edu.ucsb.cs156.rec.controllers.RequestTypeControllerTests]/[method:admin_cannot_update_request_type_to_duplicate_description()]
RequestTypeController.java,edu.ucsb.cs156.rec.controllers.RequestTypeController,org.pitest.mutationtest.engine.gregor.mutators.returns.NullReturnValsMutator,updateRequestType,128,KILLED,edu.ucsb.cs156.rec.controllers.RequestTypeControllerTests.[engine:junit-jupiter]/[class:edu.ucsb.cs156.rec.controllers.RequestTypeControllerTests]/[method:admin_can_update_request_type_with_same_description()]
UCSBDatesController.java,edu.ucsb.cs156.rec.controllers.UCSBDatesController,org.pitest.mutationtest.engine.gregor.mutators.returns.EmptyObjectReturnValsMutator,allUCSBDates,53,KILLED,edu.ucsb.cs156.rec.controllers.UCSBDatesControllerTests.[engine:junit-jupiter]/[class:edu.ucsb.cs156.rec.controllers.UCSBDatesControllerTests]/[method:logged_in_user_can_get_all_ucsbdates()]
UCSBDatesController.java,edu.ucsb.cs156.rec.controllers.UCSBDatesController,org.pitest.mutationtest.engine.gregor.mutators.VoidMethodCallMutator,deleteUCSBDate,119,KILLED,edu.ucsb.cs156.rec.controllers.UCSBDatesControllerTests.[engine:junit-jupiter]/[class:edu.ucsb.cs156.rec.controllers.UCSBDatesControllerTests]/[method:admin_can_delete_a_date()]
UCSBDatesController.java,edu.ucsb.cs156.rec.controllers.UCSBDatesController,org.pitest.mutationtest.engine.gregor.mutators.returns.NullReturnValsMutator,deleteUCSBDate,120,KILLED,edu.ucsb.cs156.rec.controllers.UCSBDatesControllerTests.[engine:junit-jupiter]/[class:edu.ucsb.cs156.rec.controllers.UCSBDatesControllerTests]/[method:admin_can_delete_a_date()]
UCSBDatesController.java,edu.ucsb.cs156.rec.controllers.UCSBDatesController,org.pitest.mutationtest.engine.gregor.mutators.returns.NullReturnValsMutator,getById,70,KILLED,edu.ucsb.cs156.rec.controllers.UCSBDatesControllerTests.[engine:junit-jupiter]/[class:edu.ucsb.cs156.rec.controllers.UCSBDatesControllerTests]/[method:test_that_logged_in_user_can_get_by_id_when_the_id_exists()]
UCSBDatesController.java,edu.ucsb.cs156.rec.controllers.UCSBDatesController,org.pitest.mutationtest.engine.gregor.mutators.returns.NullReturnValsMutator,lambda$deleteUCSBDate$1,117,KILLED,edu.ucsb.cs156.rec.controllers.UCSBDatesControllerTests.[engine:junit-jupiter]/[class:edu.ucsb.cs156.rec.controllers.UCSBDatesControllerTests]/[method:admin_tries_to_delete_non_existant_ucsbdate_and_gets_right_error_message()]
UCSBDatesController.java,edu.ucsb.cs156.rec.controllers.UCSBDatesController,org.pitest.mutationtest.engine.gregor.mutators.returns.NullReturnValsMutator,lambda$getById$0,68,KILLED,edu.ucsb.cs156.rec.controllers.UCSBDatesControllerTests.[engine:junit-jupiter]/[class:edu.ucsb.cs156.rec.controllers.UCSBDatesControllerTests]/[method:test_that_logged_in_user_can_get_by_id_when_the_id_does_not_exist()]
UCSBDatesController.java,edu.ucsb.cs156.rec.controllers.UCSBDatesController,org.pitest.mutationtest.engine.gregor.mutators.returns.NullReturnValsMutator,lambda$updateUCSBDate$2,138,KILLED,edu.ucsb.cs156.rec.controllers.UCSBDatesControllerTests.[engine:junit-jupiter]/[class:edu.ucsb.cs156.rec.controllers.UCSBDatesControllerTests]/[method:admin_cannot_edit_ucsbdate_that_does_not_exist()]
UCSBDatesController.java,edu.ucsb.cs156.rec.controllers.UCSBDatesController,org.pitest.mutationtest.engine.gregor.mutators.VoidMethodCallMutator,postUCSBDate,96,KILLED,edu.ucsb.cs156.rec.controllers.UCSBDatesControllerTests.[engine:junit-jupiter]/[class:edu.ucsb.cs156.rec.controllers.UCSBDatesControllerTests]/[method:an_admin_user_can_post_a_new_ucsbdate()]
UCSBDatesController.java,edu.ucsb.cs156.rec.controllers.UCSBDatesController,org.pitest.mutationtest.engine.gregor.mutators.VoidMethodCallMutator,postUCSBDate,97,KILLED,edu.ucsb.cs156.rec.controllers.UCSBDatesControllerTests.[engine:junit-jupiter]/[class:edu.ucsb.cs156.rec.controllers.UCSBDatesControllerTests]/[method:an_admin_user_can_post_a_new_ucsbdate()]
UCSBDatesController.java,edu.ucsb.cs156.rec.controllers.UCSBDatesController,org.pitest.mutationtest.engine.gregor.mutators.VoidMethodCallMutator,postUCSBDate,98,KILLED,edu.ucsb.cs156.rec.controllers.UCSBDatesControllerTests.[engine:junit-jupiter]/[class:edu.ucsb.cs156.rec.controllers.UCSBDatesControllerTests]/[method:an_admin_user_can_post_a_new_ucsbdate()]
UCSBDatesController.java,edu.ucsb.cs156.rec.controllers.UCSBDatesController,org.pitest.mutationtest.engine.gregor.mutators.returns.NullReturnValsMutator,postUCSBDate,102,KILLED,edu.ucsb.cs156.rec.controllers.UCSBDatesControllerTests.[engine:junit-jupiter]/[class:edu.ucsb.cs156.rec.controllers.UCSBDatesControllerTests]/[method:an_admin_user_can_post_a_new_ucsbdate()]
UCSBDatesController.java,edu.ucsb.cs156.rec.controllers.UCSBDatesController,org.pitest.mutationtest.engine.gregor.mutators.VoidMethodCallMutator,updateUCSBDate,140,KILLED,edu.ucsb.cs156.rec.controllers.UCSBDatesControllerTests.[engine:junit-jupiter]/[class:edu.ucsb.cs156.rec.controllers.UCSBDatesControllerTests]/[method:admin_can_edit_an_existing_ucsbdate()]
UCSBDatesController.java,edu.ucsb.cs156.rec.controllers.UCSBDatesController,org.pitest.mutationtest.engine.gregor.mutators.VoidMethodCallMutator,updateUCSBDate,141,KILLED,edu.ucsb.cs156.rec.controllers.UCSBDatesControllerTests.[engine:junit-jupiter]/[class:edu.ucsb.cs156.rec.controllers.UCSBDatesControllerTests]/[method:admin_can_edit_an_existing_ucsbdate()]
UCSBDatesController.java,edu.ucsb.cs156.rec.controllers.UCSBDatesController,org.pitest.mutationtest.engine.gregor.mutators.VoidMethodCallMutator,updateUCSBDate,142,KILLED,edu.ucsb.cs156.rec.controllers.UCSBDatesControllerTests.[engine:junit-jupiter]/[class:edu.ucsb.cs156.rec.controllers.UCSBDatesControllerTests]/[method:admin_can_edit_an_existing_ucsbdate()]
UCSBDatesController.java,edu.ucsb.cs156.rec.controllers.UCSBDatesController,org.pitest.mutationtest.engine.gregor.mutators.returns.NullReturnValsMutator,updateUCSBDate,146,KILLED,edu.ucsb.cs156.rec.controllers.UCSBDatesControllerTests.[engine:junit-jupiter]/[class:edu.ucsb.cs156.rec.controllers.UCSBDatesControllerTests]/[method:admin_can_edit_an_existing_ucsbdate()]
RestaurantsController.java,edu.ucsb.cs156.rec.controllers.RestaurantsController,org.pitest.mutationtest.engine.gregor.mutators.returns.EmptyObjectReturnValsMutator,allRestaurants,45,KILLED,edu.ucsb.cs156.rec.controllers.RestaurantsControllerTests.[engine:junit-jupiter]/[class:edu.ucsb.cs156.rec.controllers.RestaurantsControllerTests]/[method:logged_in_user_can_get_all_restaurants()]
RestaurantsController.java,edu.ucsb.cs156.rec.controllers.RestaurantsController,org.pitest.mutationtest.engine.gregor.mutators.VoidMethodCallMutator,deleteRestaurant,98,KILLED,edu.ucsb.cs156.rec.controllers.RestaurantsControllerTests.[engine:junit-jupiter]/[class:edu.ucsb.cs156.rec.controllers.RestaurantsControllerTests]/[method:admin_can_delete_a_restaurant()]
RestaurantsController.java,edu.ucsb.cs156.rec.controllers.RestaurantsController,org.pitest.mutationtest.engine.gregor.mutators.returns.NullReturnValsMutator,deleteRestaurant,99,KILLED,edu.ucsb.cs156.rec.controllers.RestaurantsControllerTests.[engine:junit-jupiter]/[class:edu.ucsb.cs156.rec.controllers.RestaurantsControllerTests]/[method:admin_can_delete_a_restaurant()]
RestaurantsController.java,edu.ucsb.cs156.rec.controllers.RestaurantsController,org.pitest.mutationtest.engine.gregor.mutators.returns.NullReturnValsMutator,getById,61,KILLED,edu.ucsb.cs156.rec.controllers.RestaurantsControllerTests.[engine:junit-jupiter]/[class:edu.ucsb.cs156.rec.controllers.RestaurantsControllerTests]/[method:test_that_logged_in_user_can_get_by_id_when_the_id_exists()]
RestaurantsController.java,edu.ucsb.cs156.rec.controllers.RestaurantsController,org.pitest.mutationtest.engine.gregor.mutators.returns.NullReturnValsMutator,lambda$deleteRestaurant$1,96,KILLED,edu.ucsb.cs156.rec.controllers.RestaurantsControllerTests.[engine:junit-jupiter]/[class:edu.ucsb.cs156.rec.controllers.RestaurantsControllerTests]/[method:admin_tries_to_delete_non_existant_restaurant_and_gets_right_error_message()]
RestaurantsController.java,edu.ucsb.cs156.rec.controllers.RestaurantsController,org.pitest.mutationtest.engine.gregor.mutators.returns.NullReturnValsMutator,lambda$getById$0,59,KILLED,edu.ucsb.cs156.rec.controllers.RestaurantsControllerTests.[engine:junit-jupiter]/[class:edu.ucsb.cs156.rec.controllers.RestaurantsControllerTests]/[method:test_that_logged_in_user_can_get_by_id_when_the_id_does_not_exist()]
RestaurantsController.java,edu.ucsb.cs156.rec.controllers.RestaurantsController,org.pitest.mutationtest.engine.gregor.mutators.returns.NullReturnValsMutator,lambda$updateRestaurant$2,116,KILLED,edu.ucsb.cs156.rec.controllers.RestaurantsControllerTests.[engine:junit-jupiter]/[class:edu.ucsb.cs156.rec.controllers.RestaurantsControllerTests]/[method:admin_cannot_edit_restaurant_that_does_not_exist()]
RestaurantsController.java,edu.ucsb.cs156.rec.controllers.RestaurantsController,org.pitest.mutationtest.engine.gregor.mutators.VoidMethodCallMutator,postRestaurant,78,KILLED,edu.ucsb.cs156.rec.controllers.RestaurantsControllerTests.[engine:junit-jupiter]/[class:edu.ucsb.cs156.rec.controllers.RestaurantsControllerTests]/[method:an_admin_user_can_post_a_new_restaurant()]
RestaurantsController.java,edu.ucsb.cs156.rec.controllers.RestaurantsController,org.pitest.mutationtest.engine.gregor.mutators.VoidMethodCallMutator,postRestaurant,79,KILLED,edu.ucsb.cs156.rec.controllers.RestaurantsControllerTests.[engine:junit-jupiter]/[class:edu.ucsb.cs156.rec.controllers.RestaurantsControllerTests]/[method:an_admin_user_can_post_a_new_restaurant()]
RestaurantsController.java,edu.ucsb.cs156.rec.controllers.RestaurantsController,org.pitest.mutationtest.engine.gregor.mutators.returns.NullReturnValsMutator,postRestaurant,82,KILLED,edu.ucsb.cs156.rec.controllers.RestaurantsControllerTests.[engine:junit-jupiter]/[class:edu.ucsb.cs156.rec.controllers.RestaurantsControllerTests]/[method:an_admin_user_can_post_a_new_restaurant()]
RestaurantsController.java,edu.ucsb.cs156.rec.controllers.RestaurantsController,org.pitest.mutationtest.engine.gregor.mutators.VoidMethodCallMutator,updateRestaurant,118,KILLED,edu.ucsb.cs156.rec.controllers.RestaurantsControllerTests.[engine:junit-jupiter]/[class:edu.ucsb.cs156.rec.controllers.RestaurantsControllerTests]/[method:admin_can_edit_an_existing_restaurant()]
RestaurantsController.java,edu.ucsb.cs156.rec.controllers.RestaurantsController,org.pitest.mutationtest.engine.gregor.mutators.VoidMethodCallMutator,updateRestaurant,119,KILLED,edu.ucsb.cs156.rec.controllers.RestaurantsControllerTests.[engine:junit-jupiter]/[class:edu.ucsb.cs156.rec.controllers.RestaurantsControllerTests]/[method:admin_can_edit_an_existing_restaurant()]
RestaurantsController.java,edu.ucsb.cs156.rec.controllers.RestaurantsController,org.pitest.mutationtest.engine.gregor.mutators.returns.NullReturnValsMutator,updateRestaurant,123,KILLED,edu.ucsb.cs156.rec.controllers.RestaurantsControllerTests.[engine:junit-jupiter]/[class:edu.ucsb.cs156.rec.controllers.RestaurantsControllerTests]/[method:admin_can_edit_an_existing_restaurant()]
RoleInterceptor.java,edu.ucsb.cs156.rec.interceptors.RoleInterceptor,org.pitest.mutationtest.engine.gregor.mutators.NegateConditionalsMutator,lambda$preHandle$0,62,KILLED,edu.ucsb.cs156.rec.interceptors.RoleInterceptorTests.[engine:junit-jupiter]/[class:edu.ucsb.cs156.rec.interceptors.RoleInterceptorTests]/[method:updates_admin_role_when_user_admin_false()]
RoleInterceptor.java,edu.ucsb.cs156.rec.interceptors.RoleInterceptor,org.pitest.mutationtest.engine.gregor.mutators.NegateConditionalsMutator,lambda$preHandle$0,63,KILLED,edu.ucsb.cs156.rec.interceptors.RoleInterceptorTests.[engine:junit-jupiter]/[class:edu.ucsb.cs156.rec.interceptors.RoleInterceptorTests]/[method:updates_professor_role_when_user_professor_false()]
RoleInterceptor.java,edu.ucsb.cs156.rec.interceptors.RoleInterceptor,org.pitest.mutationtest.engine.gregor.mutators.NegateConditionalsMutator,lambda$preHandle$0,64,KILLED,edu.ucsb.cs156.rec.interceptors.RoleInterceptorTests.[engine:junit-jupiter]/[class:edu.ucsb.cs156.rec.interceptors.RoleInterceptorTests]/[method:updates_professor_role_when_user_professor_false()]
RoleInterceptor.java,edu.ucsb.cs156.rec.interceptors.RoleInterceptor,org.pitest.mutationtest.engine.gregor.mutators.returns.BooleanTrueReturnValsMutator,lambda$preHandle$0,62,KILLED,edu.ucsb.cs156.rec.interceptors.RoleInterceptorTests.[engine:junit-jupiter]/[class:edu.ucsb.cs156.rec.interceptors.RoleInterceptorTests]/[method:updates_professor_role_when_user_professor_false()]
RoleInterceptor.java,edu.ucsb.cs156.rec.interceptors.RoleInterceptor,org.pitest.mutationtest.engine.gregor.mutators.NegateConditionalsMutator,preHandle,46,KILLED,edu.ucsb.cs156.rec.controllers.UCSBDiningCommonsControllerTests.[engine:junit-jupiter]/[class:edu.ucsb.cs156.rec.controllers.UCSBDiningCommonsControllerTests]/[method:logged_out_users_cannot_get_by_id()]
RoleInterceptor.java,edu.ucsb.cs156.rec.interceptors.RoleInterceptor,org.pitest.mutationtest.engine.gregor.mutators.NegateConditionalsMutator,preHandle,54,KILLED,edu.ucsb.cs156.rec.interceptors.RoleInterceptorTests.[engine:junit-jupiter]/[class:edu.ucsb.cs156.rec.interceptors.RoleInterceptorTests]/[method:updates_nothing_when_user_not_present()]
RoleInterceptor.java,edu.ucsb.cs156.rec.interceptors.RoleInterceptor,org.pitest.mutationtest.engine.gregor.mutators.NegateConditionalsMutator,preHandle,68,KILLED,edu.ucsb.cs156.rec.interceptors.RoleInterceptorTests.[engine:junit-jupiter]/[class:edu.ucsb.cs156.rec.interceptors.RoleInterceptorTests]/[method:updates_professor_role_when_user_professor_false()]
RoleInterceptor.java,edu.ucsb.cs156.rec.interceptors.RoleInterceptor,org.pitest.mutationtest.engine.gregor.mutators.NegateConditionalsMutator,preHandle,71,KILLED,edu.ucsb.cs156.rec.interceptors.RoleInterceptorTests.[engine:junit-jupiter]/[class:edu.ucsb.cs156.rec.interceptors.RoleInterceptorTests]/[method:updates_professor_role_when_user_professor_false()]
RoleInterceptor.java,edu.ucsb.cs156.rec.interceptors.RoleInterceptor,org.pitest.mutationtest.engine.gregor.mutators.NegateConditionalsMutator,preHandle,74,KILLED,edu.ucsb.cs156.rec.interceptors.RoleInterceptorTests.[engine:junit-jupiter]/[class:edu.ucsb.cs156.rec.interceptors.RoleInterceptorTests]/[method:updates_professor_role_when_user_professor_false()]
RoleInterceptor.java,edu.ucsb.cs156.rec.interceptors.RoleInterceptor,org.pitest.mutationtest.engine.gregor.mutators.returns.BooleanFalseReturnValsMutator,preHandle,85,KILLED,edu.ucsb.cs156.rec.controllers.UCSBDiningCommonsControllerTests.[engine:junit-jupiter]/[class:edu.ucsb.cs156.rec.controllers.UCSBDiningCommonsControllerTests]/[method:logged_out_users_cannot_get_by_id()]
RequestTypeService.java,edu.ucsb.cs156.rec.services.RequestTypeService,org.pitest.mutationtest.engine.gregor.mutators.returns.EmptyObjectReturnValsMutator,initializeRequestTypes,56,KILLED,edu.ucsb.cs156.rec.services.RequestTypeServiceTests.[engine:junit-jupiter]/[class:edu.ucsb.cs156.rec.services.RequestTypeServiceTests]/[method:test_initializeRequestTypes_adds_and_returns_saved_request_types()]
RequestTypeService.java,edu.ucsb.cs156.rec.services.RequestTypeService,org.pitest.mutationtest.engine.gregor.mutators.NegateConditionalsMutator,lambda$initializeRequestTypes$0,48,KILLED,edu.ucsb.cs156.rec.services.RequestTypeServiceTests.[engine:junit-jupiter]/[class:edu.ucsb.cs156.rec.services.RequestTypeServiceTests]/[method:test_initializeRequestTypes_throws_exception_when_save_returns_null()]
RequestTypeService.java,edu.ucsb.cs156.rec.services.RequestTypeService,org.pitest.mutationtest.engine.gregor.mutators.returns.NullReturnValsMutator,lambda$initializeRequestTypes$0,51,KILLED,edu.ucsb.cs156.rec.services.RequestTypeServiceTests.[engine:junit-jupiter]/[class:edu.ucsb.cs156.rec.services.RequestTypeServiceTests]/[method:test_initializeRequestTypes_adds_and_returns_saved_request_types()]
ApiController.java,edu.ucsb.cs156.rec.controllers.ApiController,org.pitest.mutationtest.engine.gregor.mutators.returns.NullReturnValsMutator,genericMessage,38,KILLED,edu.ucsb.cs156.rec.controllers.UCSBDiningCommonsControllerTests.[engine:junit-jupiter]/[class:edu.ucsb.cs156.rec.controllers.UCSBDiningCommonsControllerTests]/[method:admin_can_delete_a_date()]
ApiController.java,edu.ucsb.cs156.rec.controllers.ApiController,org.pitest.mutationtest.engine.gregor.mutators.returns.NullReturnValsMutator,getCurrentUser,29,KILLED,edu.ucsb.cs156.rec.controllers.UserInfoControllerTests.[engine:junit-jupiter]/[class:edu.ucsb.cs156.rec.controllers.UserInfoControllerTests]/[method:currentUser__logged_in()]
ApiController.java,edu.ucsb.cs156.rec.controllers.ApiController,org.pitest.mutationtest.engine.gregor.mutators.returns.NullReturnValsMutator,handleGenericException,49,KILLED,edu.ucsb.cs156.rec.controllers.UsersControllerTests.[engine:junit-jupiter]/[class:edu.ucsb.cs156.rec.controllers.UsersControllerTests]/[method:admin_tries_to_toggle_student_for_non_existant_user_and_gets_right_error_message()]
CurrentUserService.java,edu.ucsb.cs156.rec.services.CurrentUserService,org.pitest.mutationtest.engine.gregor.mutators.NegateConditionalsMutator,isLoggedIn,42,KILLED,edu.ucsb.cs156.rec.services.CurrentUserServiceTests.[engine:junit-jupiter]/[class:edu.ucsb.cs156.rec.services.CurrentUserServiceTests]/[method:test_isLoggedIn_returns_true()]
CurrentUserService.java,edu.ucsb.cs156.rec.services.CurrentUserService,org.pitest.mutationtest.engine.gregor.mutators.returns.BooleanTrueReturnValsMutator,isLoggedIn,42,KILLED,edu.ucsb.cs156.rec.services.CurrentUserServiceTests.[engine:junit-jupiter]/[class:edu.ucsb.cs156.rec.services.CurrentUserServiceTests]/[method:test_isLoggedIn_returns_false()]
UserInfoController.java,edu.ucsb.cs156.rec.controllers.UserInfoController,org.pitest.mutationtest.engine.gregor.mutators.returns.NullReturnValsMutator,getCurrentUser,31,KILLED,edu.ucsb.cs156.rec.controllers.UserInfoControllerTests.[engine:junit-jupiter]/[class:edu.ucsb.cs156.rec.controllers.UserInfoControllerTests]/[method:currentUser__logged_in()]
SystemInfoController.java,edu.ucsb.cs156.rec.controllers.SystemInfoController,org.pitest.mutationtest.engine.gregor.mutators.returns.NullReturnValsMutator,getSystemInfo,43,KILLED,edu.ucsb.cs156.rec.controllers.SystemInfoControllerTests.[engine:junit-jupiter]/[class:edu.ucsb.cs156.rec.controllers.SystemInfoControllerTests]/[method:systemInfo__admin_logged_in()]
CSRFController.java,edu.ucsb.cs156.rec.controllers.CSRFController,org.pitest.mutationtest.engine.gregor.mutators.returns.NullReturnValsMutator,csrf,33,KILLED,edu.ucsb.cs156.rec.controllers.CSRFControllerTests.[engine:junit-jupiter]/[class:edu.ucsb.cs156.rec.controllers.CSRFControllerTests]/[method:csrf_returns_ok()]
SystemInfoServiceImpl.java,edu.ucsb.cs156.rec.services.SystemInfoServiceImpl,org.pitest.mutationtest.engine.gregor.mutators.returns.NullReturnValsMutator,getSystemInfo,43,KILLED,edu.ucsb.cs156.rec.services.SystemInfoServiceImplTests.[engine:junit-jupiter]/[class:edu.ucsb.cs156.rec.services.SystemInfoServiceImplTests]/[method:test_getSystemInfo()]
